year.id,Id
year.display-label,Year
hisp.id,Id
hisp.display-label,Hispanic Origin
GEO.id,Id
GEO.id2,Id2
GEO.display-label,Geography
wac_sex0_age999,Race Alone or in Combination [1] - White; Both Sexes; Total
bac_sex0_age999,Race Alone or in Combination [1] - Black or African American; Both Sexes; Total
iac_sex0_age999,Race Alone or in Combination [1] - American Indian and Alaska Native; Both Sexes; Total
aac_sex0_age999,Race Alone or in Combination [1] - Asian; Both Sexes; Total
nac_sex0_age999,Race Alone or in Combination [1] - Native Hawaiian and Other Pacific Islander; Both Sexes; Total
wac_sex0_age0to17,Race Alone or in Combination [1] - White; Both Sexes; Under 18 years
bac_sex0_age0to17,Race Alone or in Combination [1] - Black or African American; Both Sexes; Under 18 years
iac_sex0_age0to17,Race Alone or in Combination [1] - American Indian and Alaska Native; Both Sexes; Under 18 years
aac_sex0_age0to17,Race Alone or in Combination [1] - Asian; Both Sexes; Under 18 years
nac_sex0_age0to17,Race Alone or in Combination [1] - Native Hawaiian and Other Pacific Islander; Both Sexes; Under 18 years
wac_sex0_age18to64,Race Alone or in Combination [1] - White; Both Sexes; 18 to 64 years
bac_sex0_age18to64,Race Alone or in Combination [1] - Black or African American; Both Sexes; 18 to 64 years
iac_sex0_age18to64,Race Alone or in Combination [1] - American Indian and Alaska Native; Both Sexes; 18 to 64 years
aac_sex0_age18to64,Race Alone or in Combination [1] - Asian; Both Sexes; 18 to 64 years
nac_sex0_age18to64,Race Alone or in Combination [1] - Native Hawaiian and Other Pacific Islander; Both Sexes; 18 to 64 years
wac_sex0_age65plus,Race Alone or in Combination [1] - White; Both Sexes; 65 years and over
bac_sex0_age65plus,Race Alone or in Combination [1] - Black or African American; Both Sexes; 65 years and over
iac_sex0_age65plus,Race Alone or in Combination [1] - American Indian and Alaska Native; Both Sexes; 65 years and over
aac_sex0_age65plus,Race Alone or in Combination [1] - Asian; Both Sexes; 65 years and over
nac_sex0_age65plus,Race Alone or in Combination [1] - Native Hawaiian and Other Pacific Islander; Both Sexes; 65 years and over
